Curse Name,Casting Cost,Stops Question,Inform seekers,Card Info,Extra Info
Curse of the Ransom Note,"Spell out ""ransom note"" as a ransom note (without using this card).",No,TRUE,"The next question that the seekers ask must be composed of words and letters cut out of any printed material.
The question must be coherent and include at least 5 words.","Once the cost is fulfilled, this curse must be cast immediately. The printed material cannot be printed by the seekers; the letters should be gathered from magazines, newspapers, or any other material that the seekers encounter in the wild. ""Coherence"" in this context does not necessarily mean complete sentences, but the hider should be able to discern the meaning of the question without further clarification. You may use easy-to-understand abbreviations for certain words (such as ""2"" instead of ""to."") If the question requires additional context outside of the basic sentence itself, this context does NOT need to be provided in the form of a ransom note. For example, if you are asking a thermometer question, you can simply ask something along the lines of, ""Went 5 miles. Hotter/colder?"" Any information about where you started and ended the thermometer can be provided as normal, in the form of a location pin or text."
Curse of the Urban Explorer,Discard 3 cards.,No,TRUE,"For the rest of your run, seekers cannot ask questions when they are on transit or in a transit station.","Any pending questions that were asked on transit before this curse was played must still be answered. Questions can still be asked outside of transit stations, but seekers cannot be on a platform or in any building associated with the transit station when asking questions."
Curse of the Labyrinth,Draw a maze,Yes,TRUE,Spend up to S 10 M 20 L 30 minutes drawing a solvable maze and send a photo of it to the seekers. You cannot use the internet to research maze designs. The seekers must solve the maze before asking another question.,"""Solvable,"" in this context, refers to a conventional solution to the maze–you must be able to draw an unbroken line from the start of the maze to the end of the maze. Your time limit begins from the moment you draw your first line; time spent gathering materials does not count. You may discard your maze and start drawing a new maze at any point, but you cannot restart your timer. You may not consult the internet or any other materials when drawing your maze; it must come entirely from your own head. The photo must be of a good enough quality so that the minimum distance between two walls in the maze may be 6 pixels. "
Curse of the Queue,You must currently be in line somewhere. You must be in the line atleast 20 seconds in total.,Yes,TRUE,"Seekers may not ask another question until they've waited in line for at least five minutes. They may wait in different lines, but they cannot wait in the same line more than once. They may not let people cut in front of them in line, and lines must have at least two people when they enter them.",Players are considered no longer in line once there are no more people in front of them.
Curse of the Hide-And-Seek-Ception,"The seekers must be off-transit, at least 300 meters from a transit station.",Yes,TRUE,"All seekers but one must close their eyes. Without discussion, the remaining seeker must go somewhere at least 100 meters away and not within direct eyeshot in any direction. The other seekers must find them, without asking them for any information, before asking another question. The seeker must choose a seeker that counts to a hundred before starting to look.","The hiding seeker may call or text the other seeker(s) when they are in position, but no more communication is allowed. ""Off-transit"" means that players have physically disembarked their last form of transit and that it has left the station (i.e. you cannot temporarily step off a train while it's stopped to fulfill the condition.)"
Curse of the Hidden Hangman,Discard 3 cards.,Yes,TRUE,"Before asking another question or boarding another form of transportation, seekers must beat the hider in a game of hangman. To play. the hider chooses a 5 letter word, and the game ends after either a correct word guess or 7 wrong letter guesses (head, body, two arms, two legs, and a hat). The hider must respond to all queries within 30 seconds. The seekers cannot challenge the hider for 10 minutes after a loss. After S1M2 L3 losses, the seekers must wait 10 more minutes and then the curse is cleared.","The chosen five-letter word must be a real word, found in a dictionary, in the language that the game is being played in. You cannot, for example, use a French word if all players only speak English. If the hider ever fails to respond to a query in 30 seconds, this curse is instantly cleared. In our case the word has to be swedish"
Curse of the Quill,Seekers must be within atleast two shops or/and reasurants in the nearest 500m. Discard 2 cards.,Yes,TRUE,"Before asking another question, the seekers must spell out the name of the category they intend to use (e.g. PHOTO or MATCHING) by sending photos of handwritten letters they've found out in the world. The letters do not all need to be found in the same place, but they must be created by other people and not printed by any kind of machine. They cannot use a letter twice.","The category words are: MATCHING, MEASURING, RADAR, THERMOMETER, PHOTO, TENTACLES. There must be reasonable evidence to suggest that a handwritten letter was written directly on the surface by a person (with a pencil, pen, marker, paintbrush, spray can, chalk, etc.) and not printed."
Curse of the Right Turn,Discard a card.,No,TRUE,"For the next S 20 M 40 L 60 minutes, the seekers can only turn right at any street intersection. If, at any point, they find themselves in a dead end where they cannot continue forward or turn right for another 300 meters, they may do a full 180. A right turn is defined as a road at any angle that veers to the right of the seekers.","This curse only applies to street intersections, meaning the intersection between two roads intended for cars (or pedestrian sidewalks along those roads.) This curse would not have any effects indoors, or in an area where there are no streets."
Curse of the Egg Partner,Discard two cards. The seekers must be atmost 400m from an open grocery store.,Yes until aquired,TRUE,"The seekers must acquire an egg before asking another question. This egg is now treated as an official team member of the seekers. If any team members are abandoned or killed (defined as any crack, in the egg's case) before the end of your run, you are awarded an extra S 30 M 45 L 60 minutes. This curse cannot be played during the endgame.","The egg can be from any type of animal, but it must be a real egg (a chocolate egg or a plastic egg, for example, would not count.) Any visible fracture, however small, counts as killing the egg. If you do not want to buy items during the course of your game, or object to this curse on ethical grounds, this curse should be removed from the deck. For any other curse that requires all seekers to do something, the egg counts as a seeker. For example, using the Curse of the Lemon Phylactery after this curse has been played would require the egg to have a lemon attached to it."
Curse of the Lemon Phylactery,Discard a powerup. The seekers must be atmost 400m from an open grocery store.,Yes until aquired,TRUE,"Before asking another question, the seekers must each find a lemon and affix it to the outermost layer of their clothes or skin. If, at any point, one of these lemons is no longer touching a seeker, you are awarded an extra S 30 M 45 L 60 minutes. This curse cannot be played during the endgame.","The lemon must be a real lemon. It can be affixed using any means, but must be constantly touching the seekers’s skin or clothes. Once the lemon falls, the hider should be informed of their bonus immediately."
Curse of the Runner,Run 600m in 5 min.  Use strava to measure.,No,TRUE,"For the next S 30 M 45 L 60 minutes, the seekers are only allowed to run or be still. They may not walk.","""Running"" is defined as a gait that does not have a double-support phase (i.e. both feet cannot be touching the ground at the same time.) If players want to be still and place both feet on the ground simultaneously, they must do so for 5 seconds or longer. Players may not discard part of a time bonus; they must discard cards in their entirety. It is possible that players may have to discard more than the required number of minutes in order to pay for this curse."
Curse of the 5-Minute King,Discard two 5-minute bonus cards.,No,FALSE,"Remove all 5-minute bonuses from the deck for the rest of your run. After doing so, you must reshuffle the deck.",
Curse of the Void,Discard a veto.,No,TRUE,"For the next three questions that the seekers ask, roll a die. If you roll a 1, 2,  or 3 that question is automatically vetoed.","If the seekers had a free question and its vetod by this curse, the next question is a draw 1 keep 1 unless another curse changes something."
Curse of the Empty Mind,You cannot draw cards for the rest of the round.,No,FALSE,Search through the deck and choose any three cards to add to your hand. You must play this curse immediately.,"""Immediately"" means that this curse never enters your hand; it is played the moment it is chosen. Cards must be chosen before the next question is asked."
Curse of the Overflowing Chalice,Discard a card.,No,FALSE,"For the next three questions, you may draw (not keep) an additional card when drawing from the hider deck.",
Curse of the Long Shot,Seekers must be within 3km of you. Discard a curse.,No,TRUE,"Once this curse is cast, the seekers have five minutes to provide one guess as to what transit station you are centered at. This is done by then giving a radius of 500m from any point. If they are correct(your station is inside), you must tell them so. If they are incorrect, they are frozen for 10 minutes.
","When seekers are ""frozen,"" they cannot make progress on clearing other curses or take any form of transit. If they are currently on transit when they become frozen, they must disembark at the next opportunity and wait out the rest of their freeze period at that station. Players may walk around freely while frozen for non game-related reasons, but must resume from the place where they were frozen when the freeze period concludes."
Curse of the Bridge Troll,Seekers must be at least 2 km from you and need to have an accesable bridge within 1km of them.,No,TRUE,The seekers must ask their next question from under a bridge.,"""Bridge"" is defined as any elevated structure, acting as a path, road or railway, intended to be crossed by pedestrians, cars, or other vehicles. All seekers must have some part of their body under some part of the bridge when the next question is asked. If there are no bridges on the game map, this curse should be removed from the deck."
Curse of the Oracle,Discard two cards.,Yes,TRUE,"Seekers must flip a coin and predict its outcome while it is in the air. If they are correct, they do it again.
If they are wrong, they must wait 30 seconds. They may not ask another question until they get it correct three times in a row.",
Curse of the Chasm,Discard a randomize.,No,TRUE,"For the next three questions that the seekers ask, they must roll a die. If they roll a 1, 2,  or 3 that question is automatically randomized.",
Curse of the Express Route,Discard at least 10 minutes worth of time bonuses.,No,TRUE,"Seekers cannot disembark any transit for the next 10 minutes, unless they've reached the end of a line.",Players may not discard part of a time bonus; they must discard cards in their entirety. It is possible that players may have to discard more than the required number of minutes in order to pay for this curse.
Curse of the Endless Tumble,"Roll a die. If it's a 5 or a 6, this card has no effect.",Yes,TRUE,"Seekers must roll a die at least 30 meters and have it land on a 5 or a 6 before they can ask another question.
The die must roll the full distance, unaided, using only the momentum from the initial throw and gravity to travel the 30 meters. If the seekers accidentally hit someone with a die, you are awarded a 10 minute bonus.","30 metres is measured parallel to the ground. The die can, and likely should, be rolled on an inclined surface. If the die is lost or does not land cleanly on one side, it cannot be counted. Any bonuses awarded to the hider should be delivered immediately."
Curse of the Mediocre Travel Agent,Their vacation destination must be further from you than their current location.,Yes,TRUE,"Choose any publicly-accessible place within 500 m of the seekers' current location. They cannot currently be on transit. They must go there, and spend at least 5 minutes, before asking another question. They must send you at least three photos of them enjoying their vacation, and procure an object to bring you as a souvenir. If this souvenir is lost before they can give it to you, you are awarded an extra 30 minutes.","""Publicly accessible"" in this context follows the same rules as ""publicly accessible"" in the context of hiding spots. The destination does not need to be a single point; it can be a small general area like a park or store. The souvenir can be literally any physical object. It does not need to be with the seekers at all times, but it must be with them at the moment that the hider is caught."
Curse of the Prophet,Discard two cards.,No,FALSE,Rearrange the top ten cards of the deck in any order you choose.,
Curse of the Clone,Find a stranger. The seekers have to in a populated area; at minimum 10 open shops or serviceplaces(like barbershops) within 500m of them.,Yes,TRUE,"Find a stranger in public and note the following things about them:
Do they have long sleeves or short sleeves?
Do they have long pants/skirt or short pants/skirt?
Do they have glasses or no glasses?
Do they have a hat or no hat?
Do they have a bag or no bag?
The seekers must find a stranger with the same qualities before asking another question.","Long sleeves are defined as sleeves that extend past the elbow, and long pants/skirts are defined as extending past the knee."
Curse of the Sniper,A photo of the seekers.,No,TRUE,"Send the seekers a photo you've taken of them. Upon receiving this curse, they have 60 seconds to take a photo of you and end your run(read extra info). If they fail, draw and keep five cards. You no longer have a maximum hand size. Also if they fail they are freezed for 2 minutes and your allowed to find a new  hiding spot during those 2 minutes(if in the endgame otherwise just hide). ",All seekers must be visible in the photo provided. The 60 seconds begins from the moment the curse and photo are delivered. You must immediately call the seekers to confirm that they have recived the info then the 60 seconds begins.
Curse of the Open Mind,Discard your whole hand.,No,FALSE,You no longer have a hand size limit.,"The discard your whole hand overides any other card or curse, to play this you must discard every card in your hand."
Curse of the Freewheeler,Seekers must be at least 4 km from you. The seekers must be within 500m of an sl spårvägs line station or a buss station with atmost 15 minutes traffic..,Yes,TRUE,The next three questions that the seekers ask must be asked while on a moving form of transit.,
Curse of the Pomologist,A photo of a fruit. The seekers be atmost 400m from an open grocery store.,Yes,TRUE,"Send the seekers a photo of a fruit, along with a link to its corresponding Wikipedia page. They must find the same type of fruit before asking another question. The hider must find this fruit in the real world.","Specificity is defined by the title of the Wikipedia page (e.g. ""Golden Delicious"" is a variety of apple that has a Wikipedia page, so finding a Golden Delicious apple would require the seekers to do the same. ""Summerset"" is a variety of apple that does not have a Wikipedia page, so you could send the Wikipedia page for ""apple"" and the seekers could respond with anything that would fall under the category of ""apple."") You cannot create a Wikipedia page. If the fruit is found without an plaque(or similar) explicity mentioning its variety the hider may only send the general category of the fruit, for example apple for an apple. The seekers are able to abandon this question for a 25 minute penalty period. The hider is allowed to go to a botanical garden if its within his zone."
Curse of the Grass-Toucher,This curse must be cast at least 75 meters from any named street. If the seekers are i innerstan this curse cost 3 cards to play.,No,TRUE,"The next question that the seekers ask must be asked at least 75 meters from any named street (on Google Maps.)
As always, no trespassing.",
Curse of Spotty Memory,Discard a time bonus.,No,TRUE,"For the rest of your run, one random category of questions will be disabled at all times. After this curse is played, seekers must roll a die to determine the category of questions to be disabled. This category remains disabled until the next question is asked, at which point a die is rolled again to choose a new category. The same category can be disabled multiple times in a row.","The seekers should assign die numbers to each category before their first roll. For small-sized games, which only include five categories of questions, a six would result in a reroll."
Curse of the Untethered Spirit,The tracker is reversed.,No,TRUE,You may move freely within your hiding zone during this round's endgame.,When played the seekers may choose to have a pause period of the game until the recive a working location tracker of the hider. The hider or seekers may not move during this period. If the seekers choose to not have this period the hider still has to send his location as fast as possible but both parties are allowed to move.
Curse of the Distant Cuisine,You must be at the restaurant.,Yes,TRUE,Find a restaurant within your zone that explicitly serves food from a specific foreign country. The seekers must visit a restaurant serving food from a country that is an equal or greater distance away before asking another question.,"The restaurants used in this curse must explicit reference a single country or region within a single country within either their name or some other public-facing material such as a menu. If a restaurant associates itself with multiple countries, or a region larger than a single country (such as an ""Asian"" restaurant), it cannot be used for this curse. Distance from a given country is measured from your exact location to the nearest point in that country."
Curse of the Shark,Discard a power-up.,No,TRUE,"For the next 30 minutes, the seekers are not allowed to stop walking for any reason.","The seekers may walk in small circles. Walking in place is not allowed. The same foot has to placed atleast 10cm from its previous place to count as walking, measuuring centre to centre of the shoe. "
Curse of the U-Turn,Seekers must be heading the wrong way. (Their next station is further from you than they are.),No,TRUE,The seekers must disembark their current mode of transportation at the next station (as long as that station is serviced by another form of transit in the next 30 minutes).,"""Next Station,"" in this context, refers to the next station that the seekers' current mode of transit will stop at; if there are any stops along the line that their current route will skip, those should be disregarded. If you are not sure whether the seekers are on transit, or whether their route will stop at a particular station, you may ask them for that information. If there is any ambiguity, you should tell them what you believe their next station is when this curse is cast to confirm that you didn't misread their tracker. Even if the seekers' current mode of transit would eventually bring them closer to you, this curse may still be played so long as their next station is further; a line that heads in your direction but temporarily curves away is a particularly advantageous situation for this curse."
Curse of the Planespotter,Seekers must be within 15 km of a commercial airport. Take a photo of an airplane flying.,Yes,TRUE,"The seekers must take a photo of an airplane and send it to the hider before asking another question.
","An airplane is a object capable of selfpropeled flight that isnt a helicopter, and has human pilots."
Curse of the Impressionable Consumer,The seekers next question is free. The seekers must be atmost 400m from an open grocery store.,Yes,TRUE,"Seekers must enter and gain admission (if applicable) to a location or buy a product that they saw an advertisement for before asking another question. This advertisement must be found out in the world, not on a seeker's device, and must be at least 30 meters from the product or location itself.
","Any object or display whose primary purpose is to raise awareness of a product, service, or business counts as an advertisement. If the advertisement is for a specific service, such as a massage, the seekers must pay for and receive the service advertised. If the advertisement is for a location but not a specific service, such as an amusement park, the seekers must enter that location. Locations that are not private businesses, such as a public park, do not count. If you do not want to be forced to potentially spend money to fulfill this curse, it should be removed from the deck."
Curse of the Gilded Inquiry,The seekers next question is free.,No,TRUE,"Secretly choose one specific question. If the seekers ask that question after this curse is played, the question is automatically vetoed and you instantly draw and keep three extra cards.","""Vetoed"" in this case should be treated identically to a veto card being played; the question is not answered, no reward is given, and it is removed from the game for the rest of the round. If the veto happens on a question that the seekers had free they get their next question to be draw 1 keep 1."
Curse of the Bird Guide,Film a bird.,Yes,TRUE,"You have one chance to film a bird for as long as possible, up to 5 minutes straight. If, at any point, the bird leaves the frame, your timer is stopped. The seekers must then film a bird for the same amount of time or longer before asking another question.","The bird must be in frame from the moment the video starts. It is considered ""in frame"" so long as there is any recognizable portion of the bird on camera. The seekers have unlimited attempts to accomplish this. The seekers may abandon this curse for a 25 minute time penalty."
Curse of the Blind Wanderer,Seekers must be at least 4 km from you. The seekers must be within 500m of an sl spårvägs line station or a buss station with atmost 15 minute traffic.,No,TRUE,Seekers must ask their next question at least 2 km from where they are right now.,This may not be played in the endgame.
Curse of the Tiny Home,The radius of your hiding zone is halved. This curse cannot be played during the endgame.,No,TRUE,All time bonus cards held at the end of this round are worth 50% extra.,This curse cannot be played if the hider would be outside their new zone once the curse takes effect; it must be played within a half radius of the station.
Curse of the Trickster,Discard a curse.,No,TRUE,"You may lie-or provide a false photo -for one of the next three questions that the seekers ask. As always, you must send a photo of this curse when cast.",You are not required to lie after playing this curse; you may choose to answer the next three questions truthfully.
Curse of the Impenetrable Fog,"Roll a die. If it's odd, this curse has no effect.",No,TRUE,"For the next hour, any time the seekers reach a street intersection, they must assign each direction to a number on their die. They may assign a direction to multiple numbers, but each direction must be assigned to at least one. Then, they roll the die to see what direction to go.","""Intersection"" here is defined as any point along a named path or street (i.e. has a name on whatever mapping app you choose to use) where the player has an opportunity to turn onto one or more different named paths or streets. If there are somehow more than six divergent paths, a random number generator can be used instead of a die."
Curse of the Drained Brain,Discard your hand. Your hand has to have atleast 2 cards beside this curse when played.,No,TRUE,Choose three specific questions in different categories. The seekers cannot ask those questions for the rest of your run.,"This curse may be used (and its price paid) during the time interval between a question and its answer, allowing a player to discard their hand before receiving the reward from a given question. You may not, however, ban the question that has just been asked, even if you have not yet answered it. Questions removed from the game using this curse cannot be asked, even for increased cost. The discard your whole hand overides any other card or curse, to play this you must discard every card in your hand."
Curse of the Cairn,Build a rock tower.,Yes,TRUE,"You have one attempt to stack as many rocks on top of each other as you can in a freestanding tower. Each rock may only touch one other rock. Once you have added a rock to the tower, it may not be removed. Before adding another rock, the tower must stand for at least five seconds. If at any point, any rock other than the base rock touches the ground, your tower has fallen. Once your tower falls, tell the seekers how many rocks high your tower was when it last stood for five seconds. The seekers must then construct a rock tower of the same number of rocks, under the same parameters, before asking another question. If their tower falls, they must restart. The rocks must be found in nature, and both teams must disperse the rocks after building.","Once the cost is fulfilled, this curse must be cast immediately. ""Found in nature,"" in this context, does not necessarily mean found in a natural space or untouched by humans; it simply means that you must find the rocks yourself, and cannot buy them."
Curse of Water Weight,Seekers must be within 400m of an open grocery store. And within 400m of a body of water.,Yes until aquired,TRUE,"The seekers must acquire and carry at least 2 liters of liquid per seeker for the rest of your run. They cannot ask another question until they have acquired the liquid. The water may be distributed between seekers as they see fit. If the liquid is lost or abandoned at any point after acquisition, the hider is awarded a  30 minute bonus.","Any liquid already traveling with the seekers at the time that this card is played (e.g. water bottles) does not count. The liquid can be in any number of containers, and can be passed back and forth between the seekers at any time. The liquid can be sat down when the seekers are stationary or on transit, but it is considered ""abandoned"" once it is no longer within 10 feet of any seeker. The hider must be informed of their bonus immediately. ""Body of water"" within this context does not necessarily mean natural, but it cannot be a pool and must be large enough to be marked on the map."
Curse of the Shrewd Critic,Seekers must be currently off-transit within 150 meters of a location that has at least a 4.3 star average rating on Google Maps.,Yes,TRUE,"Without using the internet, the seekers must find and visit a location (going inside or immediately outside) that has at least a 4.3 star average rating on Google Maps before asking another question. If their guess was wrong, they must wait 2 minutes before guessing another location. They cannot be on transit when submitting a guess.","If the guessed location does not have a Google pin or any reviews, seekers may make another guess immediately. ""Off-transit"" means that players have physically disembarked their last form of transit and that it has left the station (i.e. you cannot temporarily step off a train while it's stopped to fulfill the condition.)"
Curse of the Soothsayer,Discard a curse and a powerup.,No,TRUE,"For the rest of the round, you may choose to predict the next question after each question is asked. If you are right, you earn triple rewards. If you are wrong, you earn no reward.","""Triple rewards"" means that the reward is earned three times in succession, not all at once (i.e. a radar question would have you draw two, keep one, draw two, keep one, draw two, keep one.) If you already have a double reward or similiar its not mutplied but stacked for example a double + a tripple becomes a 4x not a 6x."
Curse of Featherless Flight,Throw and retrieve a paper airplane.,Yes,TRUE,"Construct a paper airplane. You may practice throwing it, but you get one official attempt to measure how far it flies horizontally. The seekers must construct, throw, and retrieve an airplane from at least the same distance before asking another question.","A paper airplane may take any form, but must be constructed entirely from paper. The paper airplane may be thrown from a height in order to achieve extra lateral distance."
Curse of the Mind Meld,Discard a card.,Yes,TRUE,"On the count of three, any two seekers say any word at the same time. Assuming they're not the same word, they must wait 1 minute, and both seekers say a new word that they believe to be the midpoint between the last two words. You may not say any words that have already been said, or do anything at all to indicate what word you will say next
Seekers may not ask another question until they both say the same word.",
Curse of the Zoologist,A photo of an animal.,Yes,TRUE,"Take a photo of a wild fish, bird, mammal, reptile, amphibian, or bug.
The seekers must take a picture of a wild animal in the same category before asking another question.","""Bug"" in this context refers to any insect, arachnid, diplopoda, chilopoda, or anything else that would be colloquially and commonly referred to as a ""bug"". ""Wild"" in this context means undomesticated and not kept in human captivity, including large-scale outdoor instances of captivity, such as farms or sanctuaries. The photo must include enough of the animal to be recognizable within its category. If there is any dispute as to an animal's classification, defer to Wikipedia. Animals outside of any of these categories (such as crustaceans) cannot be used for this curse. The seekers may abondon this question for a 20 mintue penatly period. "
Curse of the Archaeologist,A standard photo of a building or structure.,Yes,TRUE,Send the seekers a photo of a building or structure whose age you can verify to within a century. The seekers must find a building or structure (whose age they can also verify) from the same century or earlier before asking another question.,"""Building or structure"" encompasses any manmade objects. To verify the age, you must have at least one credible source that specifically references that object. Partially rebuilt or renovated structures may use their original build date, but fully rebuilt structures (or structures designed to emulate an older structure) may not."
Curse of the Rewind,The last question must have been asked during the end game.,No,TRUE,Seekers must ask their next question from the exact place they asked their last question.,It is the responsibility of the hider to keep track of where the last question was asked (and therefore where the seekers must return before asking their next question.)
Curse of the Pong Champion,Successfully land the die in three attempts.,Yes,TRUE,"Throw a die into a container (maximum 15 cm in diameter) from any distance you choose. You have three attempts. Seekers must throw a die into a container from the same horizontal distance before asking another question, but must wait 1 minutes between attempts.","Players may not practice or solicit any external support from people outside the game. The hider attempt follows the same parameters as the seeker attempt. The dice must come to rest in the cup; if they enter but bounce out, they are not scored."
Curse of the Plagued Word,Seekers must be at least 2 km km from you. ,No,TRUE,"For the next 45 minutes, asking a question creates a 500 m radius where questions cannot be asked until this curse expires.",The radiuses disapear after 45 minutes.
Curse of the Curious Explorer,Seekers must be off-transit within 1 km of a museum that is open for at least another hour. Discard 2 cards,Yes,TRUE,"Seekers must spend at least 10 minutes in a museum before asking another question. If there is an entry fee, they may wait in the lobby or directly outside.","""Museum"" is anything categorized as a museum by the mapping app you are using. Players may also choose to wait outside if the museum is closed by the time they arrive. ""Off-transit"" means that players have physically disembarked their last form of transit and that it has left the station (i.e. you cannot temporarily step off a train while it's stopped to fulfill the condition.)"
Curse of the Bargain Hunter,A photo of a price tag. The seekers have to be within 400m of an open grocery store.,Yes,TRUE,"Send the seekers a picture of a discounted price tag (or other written discount) that you found in the real world. They must find an item that is equally (or more) discounted, by percentage, before asking another question.",The discount cannot be found online or in a publication; it must be in a store that is selling that item in-person. The discount must be clearly marked as being a discount; it can't just be an item that happens to be cheaper than normal.
Curse of the Prosperous Home,Discard at least 20 minutes worth of time bonuses.,No,TRUE,Expand the radius of your hiding zone by 50%.,Players may not discard part of a time bonus; they must discard cards in their entirety. It is possible that players may have to discard more than the required number of minutes in order to pay for this curse.
Curse of the Gambler's Feet,"Roll a die. If it's an even number, this curse has no effect.",No,TRUE,"For the next 20 minutes, seekers must roll a die before they take any steps in any direction. They may take that many steps before rolling again.","The die rolled for this curse must be a d6. If there are multiple seekers, seekers may choose to roll independently or have one die dictate steps for all seekers at once; either is acceptable. If seekers accidentally take extra steps, they should stop and roll the die retroactively until they have made up for all the unaccounted steps. Seekers cannot take unaccounted steps on purpose. except in situation where it would be unsafe to not take extra steps (such as crossing a busy road.)"
Curse of the Unguided Tourist,Seekers must be outside.,Yes,TRUE,"Send the seekers an unzoomed Google Street View image from a street within 150 meters of where they are now. The shot has to be parallel to the horizon and include at least one human-built structure other than a road. Without using the internet for research, they must find what you sent them in real life before they can use transportation or ask another question. They must send a picture to the hider for verification.","The human-built structure in question cannot be any part of a road, including curbs or sidewalks. If you are playing in a country or area with highly limited Google Street View coverage (such as Germany), this curse should be removed from the deck."
Curse of the Seventh Seal,Discard twelve curses.,No,TRUE,"Your current hiding time, excluding bonuses, is doubled. All remaining time this run is not doubled. ",Its not impossible but hard to get your hand size of thirteen and get twelve other curses - good luck.  This may be kept to the end of the game and play it after youve been found given that you have 12 other curses. 
Curse of the Data Leak,Discard 4 minutes worth of time bonuses.,No,TRUE,"For the rest of the run, seekers must tell you their route and destination every time they board any form of transit. They may not disembark at any other destination unless forced to.","""Route"" includes start and end destinations and the line of transit (if applicable.) If forced off a route for any reason, the hider must be notified immediately. Players may not discard part of a time bonus; they must discard cards in their entirety. It is possible that players may have to discard more than the required number of minutes in order to pay for this curse."
Curse of the Luxury Car,A photo of a car.,Yes,TRUE,Take a photo of a car. The seekers must take a photo of a more expensive car before asking another question.,"You must be able to identify the car in question when sending the photo, and the seekers must agree that it is, in fact, the car that you claim that it is. Use the MSRP of the car, factoring it its year of production, and disregarding any add-ons or modifications that may have been paid for. (For example: upgrades to the car's interior, special tires, custom colors, etc.) The photo sent to the seekers must include enough of the car for it to be identifiable. All of these rules also apply to the car found by the seekers. If you cannot confirm a car's exact production year or exact model, both sides must come to a consensus on which model and year to use for determining price."
Curse of the Seabird,Seekers must be off-transit within 1 km of a natural body of water. Make a photo of a bird under the same conditions.,Yes,TRUE,"Seekers must photograph a bird within 3 meters of a body of water. If, after 30 minutes, no bird has been photographed, this curse is automatically cleared.","""Body of water"" can be natural or manmade, but must be large enough to be visible on the mapping app you are using. ""Off-transit"" means that players have physically disembarked their last form of transit and that it has left the station (i.e. you cannot temporarily step off a train while it's stopped to fulfill the condition.)"
Curse of the Post Office,Seekers must be within 1 km of a post office that is open for the next hour. You must provide them with your home address.,Yes until done,TRUE,Seekers must successfully mail a letter with their next question in it to your home address before asking another question.,"After the letter has been mailed, they may also use any other form of communication to ask you the question."
Curse of the Passenger Princess,Discard two cards.,No,TRUE,"The hider selects one seeker to be the passenger princess for the next S 30 M 45 L 60 minutes. The other seeker is the driver.
The passenger princess is not permitted to carry their own belongings, do any research, hold any maps, or discuss the game in any way.
They may be involved in clearing curses if instructed to do so.","If there are more than two seekers, there is still only one passenger princess. If there is only one seeker, this card cannot be played. The passenger princess may speak to the other seeker(s) as normal, but must effectively act as though the game does not exist and cannot provide any substantive commentary that could help the other players in any way."
Curse of the Landline Metric,Seekers must be at least 6 km from you.,No,TRUE,"For the next 35 minutes , seekers may only use their phone for game-related purposes while it is charging via a wall outlet.",
Curse of the Strider,Travel a distance on foot.,Yes,TRUE,"Walk or run any total distance over the course of 30 minutes. The seekers must travel that same distance together, on foot before asking another question (e.g. the hider runs 3 miles, the seekers must each walk/run 3 miles.)",
Curse of the Divine Blessing,Discard 9 curses.,No,FALSE,"For the rest of the round, keep all cards drawn. Hand size limit still applies.",
Curse of the Okaihau Express,Discard three time bonuses.,Yes,TRUE,"Seekers must record and send a video of themselves singing the first seventeen rows, memorized lyrics of Okaihau Express by Peter Cape-without any outside support-before asking another question. It is up to you, however, to prove if they have made a mistake. ","The full lyrics are as follows:
She starts out from Otiria, the smallest train you've seen
This is the Okaihau Express
An engine and a guardsvan with a carriage in between
This is the Okaihau Express

The driver doesn't worry if he takes the journey slow
Driving the Okaihau Express
He's got all day to do it in and 30 miles to go
Driving the Okaihau Express

She was goin' round the bend doin' 10 miles an hour
The whistle began to shriek
Well she caught that bull in the middle of the brisket
And the engine smelled of steak for a week

There's puppies in an apple box, pippies in a sack
Riding the Okaihau Express
But no-one knows the difference when they're drippin' from the rack
Riding the Okaihau Express

She stops at lake Omapere, to take some water in
This is the Okaihau Express
The fireman takes a bucket, the driver takes a swim
This is the Okaihau Express

Okaihau to Otiria, it's just a single track
This is the Okaihau Express
You can't turn it at the terminus, you just reverse her back
This is the Okaihau Express"
Curse of the Non-Dominant Hand,Discard a card.,No,TRUE,"For the next S 30 M 45 L 60 minutes, seekers may not use their dominant hand for any game-related task. That includes using their phone, completing a challenge, or writing anything on a map. If you're ambidextrous, choose a hand.",
Curse of the Strongman,Do X push-ups.,Yes,TRUE,"One hider completes as many push-ups as they can over the course of 15 minutes. They may use any standard of push-up (ie, using knees, chest touches ground, chest touches fist, etc.) The seekers must collectively do this many push-ups of the same standard before asking another question.",
Curse of the Anonymous Benefactor,Donate money under the same circumstances.,Yes,TRUE,Seekers must place one dollar/euro/pound (or your country's equivalent) in a public place and confirm that it has been taken by a stranger before asking another question. Seekers cannot speak directly to any strangers about the money.,
Curse of the Zipped Lip,Discard a powerup. ,No,TRUE,"Seekers can onlu communicate to one another thorgh gestures and closed-mouth non-word sounds for the next 10 minutes. They can speak to other people, but cannot speak or write any message intended for another seeker. ",
Curse of the Jammed Door,Kan ej hitta kortet ska leta,-,FALSE,-,"Seekers must roll two d6 dice. Dice can only be rolled to enter a doorway once the doorway is visible to the seekers. For example, if you are attempting to roll to enter a train, you cannot roll the dice before the train arrives; you must be able to see the train door first. Doorways within a building that lead to other parts of the same building, such as a store within a train station, do not need to pass a dice check. If there is any reasonable dispute as to whether something counts as a seperate building, err on the side of doing a dice check. If the curse expires while a doorway is on cooldown, that cooldown also immediately expires."
Katy Perrys Curse,Discard atleast 10min of time bonuses.,Yes,TRUE,"Before the seekers amy ask the next question, they have to film themselfes dancing three 2 minute periods, to 3 unique katy perry just dance songs.",The seekers must film themself in such a way that they are in picture. The seekers have to make a good attempt to dance well.
Curse of the Rock,Discard a card. The seekers have to be 500m from a bigger forest.,Yes,TRUE,"The hider may take a picture of a boulder, and the seekers may not ask questions until they find a larger boulder. See extra info for how to measure","The boulders have to be detached from the ground, make an estimate based on the total sum of the three axis with a presicion of 50cm rounding down. For example 1m height + 2 m width + 1 meter depth = 4m of size. They seekers have to find a boulder with a bigger measure. Both the seekers and hiders have to physically be near the boulder to be allowed to photograph. The hiders boulder has to be in his zone"